gage_ID,EPA_Ecoregion_Name,region
6479438,GREAT PLAINS,North Great Plains
11379500,MEDITERRANEAN CALIFORNIA,Mediterranean California
8198500,GREAT PLAINS,South Great Plains
10352500,NORTH AMERICAN DESERTS,Western Desert
1382500,NORTHERN FORESTS,Eastern Forests
2212600,EASTERN TEMPERATE FORESTS,Eastern Forests
7230500,GREAT PLAINS,South Great Plains
7238000,GREAT PLAINS,South Great Plains
6449000,GREAT PLAINS,North Great Plains
7342500,GREAT PLAINS,South Great Plains
5502000,EASTERN TEMPERATE FORESTS,Eastern Forests
6477000,GREAT PLAINS,North Great Plains
9510000,TEMPERATE SIERRAS,Western Mountains
6108000,GREAT PLAINS,North Great Plains
6479525,GREAT PLAINS,North Great Plains
6426500,GREAT PLAINS,North Great Plains
2300100,EASTERN TEMPERATE FORESTS,Eastern Forests
9366500,NORTH AMERICAN DESERTS,Western Desert
10344500,NORTHWESTERN FORESTED MOUNTAINS,Western Mountains
6919500,GREAT PLAINS,South Great Plains
7337900,EASTERN TEMPERATE FORESTS,Eastern Forests
1174500,NORTHERN FORESTS,Eastern Forests
9224700,NORTH AMERICAN DESERTS,Western Desert
8164300,GREAT PLAINS,South Great Plains
8189700,EASTERN TEMPERATE FORESTS,Eastern Forests
7149000,GREAT PLAINS,South Great Plains
6317000,GREAT PLAINS,North Great Plains
7144795,GREAT PLAINS,South Great Plains
8066200,EASTERN TEMPERATE FORESTS,Eastern Forests
3380500,EASTERN TEMPERATE FORESTS,Eastern Forests
8152900,GREAT PLAINS,South Great Plains
6903400,GREAT PLAINS,South Great Plains
5061500,GREAT PLAINS,North Great Plains
5576000,EASTERN TEMPERATE FORESTS,Eastern Forests
7247500,EASTERN TEMPERATE FORESTS,Eastern Forests
3282500,EASTERN TEMPERATE FORESTS,Eastern Forests
2298830,EASTERN TEMPERATE FORESTS,Eastern Forests
8178880,GREAT PLAINS,South Great Plains
5536255,EASTERN TEMPERATE FORESTS,Eastern Forests
6853800,GREAT PLAINS,South Great Plains
2302500,EASTERN TEMPERATE FORESTS,Eastern Forests
3378550,EASTERN TEMPERATE FORESTS,Eastern Forests
5593575,EASTERN TEMPERATE FORESTS,Eastern Forests
9367500,NORTH AMERICAN DESERTS,Western Desert
6395000,GREAT PLAINS,North Great Plains
2134480,EASTERN TEMPERATE FORESTS,Eastern Forests
2077670,EASTERN TEMPERATE FORESTS,Eastern Forests
6324970,GREAT PLAINS,North Great Plains
5573540,EASTERN TEMPERATE FORESTS,Eastern Forests
11164500,MARINE WEST COAST FOREST,Mediterranean California
6453600,GREAT PLAINS,North Great Plains
3320500,EASTERN TEMPERATE FORESTS,Eastern Forests
7126300,NORTHWESTERN FORESTED MOUNTAINS,Western Mountains
6917000,GREAT PLAINS,South Great Plains
10312000,NORTH AMERICAN DESERTS,Western Desert
11246500,NORTHWESTERN FORESTED MOUNTAINS,Western Mountains
7335790,EASTERN TEMPERATE FORESTS,Eastern Forests
5454000,GREAT PLAINS,North Great Plains
7264000,EASTERN TEMPERATE FORESTS,Eastern Forests
7249985,EASTERN TEMPERATE FORESTS,Eastern Forests
2193340,EASTERN TEMPERATE FORESTS,Eastern Forests
8386000,GREAT PLAINS,South Great Plains
7362100,EASTERN TEMPERATE FORESTS,Eastern Forests
2312500,EASTERN TEMPERATE FORESTS,Eastern Forests
1401650,EASTERN TEMPERATE FORESTS,Eastern Forests
8158600,GREAT PLAINS,South Great Plains
6835500,GREAT PLAINS,South Great Plains
8189500,EASTERN TEMPERATE FORESTS,Eastern Forests
5066500,GREAT PLAINS,North Great Plains
7221500,GREAT PLAINS,South Great Plains
9507980,TEMPERATE SIERRAS,Western Mountains
2306500,EASTERN TEMPERATE FORESTS,Eastern Forests
6335500,GREAT PLAINS,North Great Plains
7227500,GREAT PLAINS,South Great Plains
2321500,EASTERN TEMPERATE FORESTS,Eastern Forests
6430800,NORTHWESTERN FORESTED MOUNTAINS,Western Mountains
13055340,NORTH AMERICAN DESERTS,Western Desert
11403800,NORTHWESTERN FORESTED MOUNTAINS,Western Mountains
8050400,GREAT PLAINS,South Great Plains
5085000,GREAT PLAINS,North Great Plains
5533400,EASTERN TEMPERATE FORESTS,Eastern Forests
7336200,EASTERN TEMPERATE FORESTS,Eastern Forests
3228300,EASTERN TEMPERATE FORESTS,Eastern Forests
6873460,GREAT PLAINS,South Great Plains
2298202,EASTERN TEMPERATE FORESTS,Eastern Forests
7157500,GREAT PLAINS,South Great Plains
2301750,EASTERN TEMPERATE FORESTS,Eastern Forests
7075300,EASTERN TEMPERATE FORESTS,Eastern Forests
7169800,GREAT PLAINS,South Great Plains
8082000,GREAT PLAINS,South Great Plains
9328500,NORTH AMERICAN DESERTS,Western Desert
6447000,GREAT PLAINS,North Great Plains
7211500,NORTHWESTERN FORESTED MOUNTAINS,Western Mountains
13152500,NORTH AMERICAN DESERTS,Western Desert
2297155,EASTERN TEMPERATE FORESTS,Eastern Forests
11335000,NORTHWESTERN FORESTED MOUNTAINS,Western Mountains
7105945,NORTHWESTERN FORESTED MOUNTAINS,Western Mountains
11166000,MEDITERRANEAN CALIFORNIA,Mediterranean California
2357000,EASTERN TEMPERATE FORESTS,Eastern Forests
11238600,NORTHWESTERN FORESTED MOUNTAINS,Western Mountains
11162570,MARINE WEST COAST FOREST,Mediterranean California
2228500,EASTERN TEMPERATE FORESTS,Eastern Forests
13174500,NORTH AMERICAN DESERTS,Western Desert
7077380,EASTERN TEMPERATE FORESTS,Eastern Forests
2306774,EASTERN TEMPERATE FORESTS,Eastern Forests
8150800,GREAT PLAINS,South Great Plains
8084000,GREAT PLAINS,South Great Plains
10336676,NORTHWESTERN FORESTED MOUNTAINS,Western Mountains
6921200,EASTERN TEMPERATE FORESTS,Eastern Forests
8082500,GREAT PLAINS,South Great Plains
8121000,GREAT PLAINS,South Great Plains
1661050,EASTERN TEMPERATE FORESTS,Eastern Forests
2097464,EASTERN TEMPERATE FORESTS,Eastern Forests
10311400,NORTH AMERICAN DESERTS,Western Desert
6445685,GREAT PLAINS,North Great Plains
10337500,NORTHWESTERN FORESTED MOUNTAINS,Western Mountains
8154700,GREAT PLAINS,South Great Plains
8143600,GREAT PLAINS,South Great Plains
4072150,EASTERN TEMPERATE FORESTS,Eastern Forests
7231000,GREAT PLAINS,South Great Plains
10256500,MEDITERRANEAN CALIFORNIA,Mediterranean California
11088500,MEDITERRANEAN CALIFORNIA,Mediterranean California
8332010,NORTHWESTERN FORESTED MOUNTAINS,Western Mountains
7297910,GREAT PLAINS,South Great Plains
10349300,NORTH AMERICAN DESERTS,Western Desert
7103800,NORTHWESTERN FORESTED MOUNTAINS,Western Mountains
9333500,NORTH AMERICAN DESERTS,Western Desert
8153500,GREAT PLAINS,South Great Plains
7207500,NORTHWESTERN FORESTED MOUNTAINS,Western Mountains
6359500,GREAT PLAINS,North Great Plains
10287300,NORTHWESTERN FORESTED MOUNTAINS,Western Mountains
2423130,EASTERN TEMPERATE FORESTS,Eastern Forests
1378500,EASTERN TEMPERATE FORESTS,Eastern Forests
7261000,EASTERN TEMPERATE FORESTS,Eastern Forests
8160800,EASTERN TEMPERATE FORESTS,Eastern Forests
7361500,EASTERN TEMPERATE FORESTS,Eastern Forests
5588000,EASTERN TEMPERATE FORESTS,Eastern Forests
5054500,GREAT PLAINS,North Great Plains
9466500,TEMPERATE SIERRAS,Western Mountains
6337000,GREAT PLAINS,North Great Plains
4185440,EASTERN TEMPERATE FORESTS,Eastern Forests
1109070,EASTERN TEMPERATE FORESTS,Eastern Forests
1653600,EASTERN TEMPERATE FORESTS,Eastern Forests
3303300,EASTERN TEMPERATE FORESTS,Eastern Forests
8065800,EASTERN TEMPERATE FORESTS,Eastern Forests
6893080,GREAT PLAINS,South Great Plains
8071280,EASTERN TEMPERATE FORESTS,Eastern Forests
11042400,MEDITERRANEAN CALIFORNIA,Mediterranean California
8109800,EASTERN TEMPERATE FORESTS,Eastern Forests
6470878,GREAT PLAINS,North Great Plains
7366200,EASTERN TEMPERATE FORESTS,Eastern Forests
7261500,EASTERN TEMPERATE FORESTS,Eastern Forests
3364500,EASTERN TEMPERATE FORESTS,Eastern Forests
8208000,EASTERN TEMPERATE FORESTS,Eastern Forests
6339100,GREAT PLAINS,North Great Plains
3384450,EASTERN TEMPERATE FORESTS,Eastern Forests
7206000,NORTHWESTERN FORESTED MOUNTAINS,Western Mountains
5577500,EASTERN TEMPERATE FORESTS,Eastern Forests
11459500,MEDITERRANEAN CALIFORNIA,Mediterranean California
9394500,NORTH AMERICAN DESERTS,Western Desert
5540195,EASTERN TEMPERATE FORESTS,Eastern Forests
8329000,NORTHWESTERN FORESTED MOUNTAINS,Western Mountains
5590800,EASTERN TEMPERATE FORESTS,Eastern Forests
2084160,EASTERN TEMPERATE FORESTS,Eastern Forests
7346070,EASTERN TEMPERATE FORESTS,Eastern Forests
6130500,GREAT PLAINS,North Great Plains
9480000,SOUTHERN SEMIARID HIGHLANDS,Western Desert
3378000,EASTERN TEMPERATE FORESTS,Eastern Forests
11043000,MEDITERRANEAN CALIFORNIA,Mediterranean California
11451100,MEDITERRANEAN CALIFORNIA,Mediterranean California
11109600,MEDITERRANEAN CALIFORNIA,Mediterranean California
5120500,GREAT PLAINS,North Great Plains
8126380,GREAT PLAINS,South Great Plains
6407500,NORTHWESTERN FORESTED MOUNTAINS,Western Mountains
7167500,GREAT PLAINS,South Great Plains
5593900,EASTERN TEMPERATE FORESTS,Eastern Forests
8063100,GREAT PLAINS,South Great Plains
2084557,EASTERN TEMPERATE FORESTS,Eastern Forests
3378635,EASTERN TEMPERATE FORESTS,Eastern Forests
2462951,EASTERN TEMPERATE FORESTS,Eastern Forests
6332515,GREAT PLAINS,North Great Plains
2077200,EASTERN TEMPERATE FORESTS,Eastern Forests
8084800,GREAT PLAINS,South Great Plains
3238500,EASTERN TEMPERATE FORESTS,Eastern Forests
6475000,GREAT PLAINS,North Great Plains
13217500,NORTHWESTERN FORESTED MOUNTAINS,Western Mountains
3237280,EASTERN TEMPERATE FORESTS,Eastern Forests
2266500,EASTERN TEMPERATE FORESTS,Eastern Forests
2232200,EASTERN TEMPERATE FORESTS,Eastern Forests
7124410,NORTHWESTERN FORESTED MOUNTAINS,Western Mountains
6446000,GREAT PLAINS,North Great Plains
11060400,MEDITERRANEAN CALIFORNIA,Mediterranean California
6844500,GREAT PLAINS,South Great Plains
10311300,NORTH AMERICAN DESERTS,Western Desert
6473000,GREAT PLAINS,North Great Plains
5116500,GREAT PLAINS,North Great Plains
7172000,GREAT PLAINS,South Great Plains
8091500,GREAT PLAINS,South Great Plains
6910800,GREAT PLAINS,South Great Plains
7157950,GREAT PLAINS,South Great Plains
6177500,GREAT PLAINS,North Great Plains
2096846,EASTERN TEMPERATE FORESTS,Eastern Forests
8155200,GREAT PLAINS,South Great Plains
2462500,EASTERN TEMPERATE FORESTS,Eastern Forests
6871500,GREAT PLAINS,South Great Plains
7165565,GREAT PLAINS,South Great Plains
2125000,EASTERN TEMPERATE FORESTS,Eastern Forests
8198000,GREAT PLAINS,South Great Plains
8200000,GREAT PLAINS,South Great Plains
6477500,GREAT PLAINS,North Great Plains
8164450,GREAT PLAINS,South Great Plains
5090000,GREAT PLAINS,North Great Plains
5076000,GREAT PLAINS,North Great Plains
7346045,EASTERN TEMPERATE FORESTS,Eastern Forests
8064100,GREAT PLAINS,South Great Plains
6406500,NORTHWESTERN FORESTED MOUNTAINS,Western Mountains
1379530,EASTERN TEMPERATE FORESTS,Eastern Forests
11461000,NORTHWESTERN FORESTED MOUNTAINS,Western Mountains
2298760,EASTERN TEMPERATE FORESTS,Eastern Forests
1660920,EASTERN TEMPERATE FORESTS,Eastern Forests
10333000,NORTH AMERICAN DESERTS,Western Desert
6344600,GREAT PLAINS,North Great Plains
11162630,MARINE WEST COAST FOREST,Mediterranean California
8206600,GREAT PLAINS,South Great Plains
8085500,GREAT PLAINS,South Great Plains
7177650,GREAT PLAINS,South Great Plains
8164800,GREAT PLAINS,South Great Plains
6404000,NORTHWESTERN FORESTED MOUNTAINS,Western Mountains
11141050,MEDITERRANEAN CALIFORNIA,Mediterranean California
208111310,EASTERN TEMPERATE FORESTS,Eastern Forests
11087020,MEDITERRANEAN CALIFORNIA,Mediterranean California
5592900,EASTERN TEMPERATE FORESTS,Eastern Forests
7165562,GREAT PLAINS,South Great Plains
7227100,GREAT PLAINS,South Great Plains
4199155,EASTERN TEMPERATE FORESTS,Eastern Forests
11120500,MEDITERRANEAN CALIFORNIA,Mediterranean California
9512800,TEMPERATE SIERRAS,Western Mountains
3291780,EASTERN TEMPERATE FORESTS,Eastern Forests
6863500,GREAT PLAINS,South Great Plains
9430600,TEMPERATE SIERRAS,Western Mountains
6476000,GREAT PLAINS,North Great Plains
11182500,MEDITERRANEAN CALIFORNIA,Mediterranean California
2231600,EASTERN TEMPERATE FORESTS,Eastern Forests
7324200,GREAT PLAINS,South Great Plains
6353000,GREAT PLAINS,North Great Plains
11151300,MEDITERRANEAN CALIFORNIA,Mediterranean California
6478690,GREAT PLAINS,North Great Plains
12115700,NORTHWESTERN FORESTED MOUNTAINS,Western Mountains
6709530,GREAT PLAINS,South Great Plains
2256500,EASTERN TEMPERATE FORESTS,Eastern Forests
11051500,MEDITERRANEAN CALIFORNIA,Mediterranean California
9499000,TEMPERATE SIERRAS,Western Mountains
5507600,GREAT PLAINS,South Great Plains
8068780,GREAT PLAINS,South Great Plains
7184000,GREAT PLAINS,South Great Plains
3368000,EASTERN TEMPERATE FORESTS,Eastern Forests
8123850,GREAT PLAINS,South Great Plains
14362250,NORTHWESTERN FORESTED MOUNTAINS,Western Mountains
5050000,GREAT PLAINS,North Great Plains
11458000,MEDITERRANEAN CALIFORNIA,Mediterranean California
7158000,GREAT PLAINS,South Great Plains
5597500,EASTERN TEMPERATE FORESTS,Eastern Forests
9371000,NORTH AMERICAN DESERTS,Western Desert
8136500,GREAT PLAINS,South Great Plains
8249000,NORTHWESTERN FORESTED MOUNTAINS,Western Mountains
2312600,EASTERN TEMPERATE FORESTS,Eastern Forests
8247500,NORTHWESTERN FORESTED MOUNTAINS,Western Mountains
2311500,EASTERN TEMPERATE FORESTS,Eastern Forests
10324500,NORTH AMERICAN DESERTS,Western Desert
8080500,GREAT PLAINS,South Great Plains
5053000,GREAT PLAINS,North Great Plains
2231342,EASTERN TEMPERATE FORESTS,Eastern Forests
8124000,GREAT PLAINS,South Great Plains
8158700,GREAT PLAINS,South Great Plains
11456000,MEDITERRANEAN CALIFORNIA,Mediterranean California
11200800,NORTHWESTERN FORESTED MOUNTAINS,Western Mountains
5595730,EASTERN TEMPERATE FORESTS,Eastern Forests
5591700,EASTERN TEMPERATE FORESTS,Eastern Forests
11070500,MEDITERRANEAN CALIFORNIA,Mediterranean California
9378170,NORTHWESTERN FORESTED MOUNTAINS,Western Mountains
3357350,EASTERN TEMPERATE FORESTS,Eastern Forests
7335700,EASTERN TEMPERATE FORESTS,Eastern Forests
6861000,GREAT PLAINS,South Great Plains
2047500,EASTERN TEMPERATE FORESTS,Eastern Forests
6471000,GREAT PLAINS,North Great Plains
7343000,GREAT PLAINS,South Great Plains
11055500,MEDITERRANEAN CALIFORNIA,Mediterranean California
7315700,GREAT PLAINS,South Great Plains
8164600,GREAT PLAINS,South Great Plains
6823500,GREAT PLAINS,South Great Plains
11152000,MEDITERRANEAN CALIFORNIA,Mediterranean California
6468170,GREAT PLAINS,North Great Plains
8201500,GREAT PLAINS,South Great Plains
2292900,EASTERN TEMPERATE FORESTS,Eastern Forests
8176900,EASTERN TEMPERATE FORESTS,Eastern Forests
2176500,EASTERN TEMPERATE FORESTS,Eastern Forests
7311500,GREAT PLAINS,South Great Plains
2313230,EASTERN TEMPERATE FORESTS,Eastern Forests
9386900,TEMPERATE SIERRAS,Western Mountains
5591550,EASTERN TEMPERATE FORESTS,Eastern Forests
8101000,GREAT PLAINS,South Great Plains
2312200,EASTERN TEMPERATE FORESTS,Eastern Forests
8408500,NORTH AMERICAN DESERTS,Western Desert
8109700,EASTERN TEMPERATE FORESTS,Eastern Forests
6468250,GREAT PLAINS,North Great Plains
5503800,GREAT PLAINS,South Great Plains
14015000,NORTHWESTERN FORESTED MOUNTAINS,Western Mountains
6469400,GREAT PLAINS,North Great Plains
8152000,GREAT PLAINS,South Great Plains
7142300,GREAT PLAINS,South Great Plains
8049700,GREAT PLAINS,South Great Plains
2310947,EASTERN TEMPERATE FORESTS,Eastern Forests
7301500,GREAT PLAINS,South Great Plains
13215000,NORTHWESTERN FORESTED MOUNTAINS,Western Mountains
8023400,EASTERN TEMPERATE FORESTS,Eastern Forests
11269700,NORTHWESTERN FORESTED MOUNTAINS,Western Mountains
6873000,GREAT PLAINS,South Great Plains
8051500,GREAT PLAINS,South Great Plains
7351500,EASTERN TEMPERATE FORESTS,Eastern Forests
6911900,GREAT PLAINS,South Great Plains
6862700,GREAT PLAINS,South Great Plains
11118500,MEDITERRANEAN CALIFORNIA,Mediterranean California
2307359,EASTERN TEMPERATE FORESTS,Eastern Forests
2303800,EASTERN TEMPERATE FORESTS,Eastern Forests
6154400,GREAT PLAINS,North Great Plains
7316500,GREAT PLAINS,South Great Plains
2236500,EASTERN TEMPERATE FORESTS,Eastern Forests
6360500,GREAT PLAINS,North Great Plains
8382830,GREAT PLAINS,South Great Plains
5592575,EASTERN TEMPERATE FORESTS,Eastern Forests
1407500,EASTERN TEMPERATE FORESTS,Eastern Forests
8058900,GREAT PLAINS,South Great Plains
2303420,EASTERN TEMPERATE FORESTS,Eastern Forests
2318700,EASTERN TEMPERATE FORESTS,Eastern Forests
8064700,GREAT PLAINS,South Great Plains
7300500,GREAT PLAINS,South Great Plains
8017300,GREAT PLAINS,South Great Plains
11057500,MEDITERRANEAN CALIFORNIA,Mediterranean California
8023080,EASTERN TEMPERATE FORESTS,Eastern Forests
8110100,EASTERN TEMPERATE FORESTS,Eastern Forests
8017200,GREAT PLAINS,South Great Plains
11480390,NORTHWESTERN FORESTED MOUNTAINS,Western Mountains
8063800,GREAT PLAINS,South Great Plains
8387600,TEMPERATE SIERRAS,Western Mountains
8158810,GREAT PLAINS,South Great Plains
8159000,GREAT PLAINS,South Great Plains
2304500,EASTERN TEMPERATE FORESTS,Eastern Forests
8171300,GREAT PLAINS,South Great Plains
6847900,GREAT PLAINS,South Great Plains
9379200,NORTH AMERICAN DESERTS,Western Desert
6355500,GREAT PLAINS,North Great Plains
11063680,MEDITERRANEAN CALIFORNIA,Mediterranean California
8052700,GREAT PLAINS,South Great Plains
2237293,EASTERN TEMPERATE FORESTS,Eastern Forests
11102300,MEDITERRANEAN CALIFORNIA,Mediterranean California
2264000,EASTERN TEMPERATE FORESTS,Eastern Forests
6470800,GREAT PLAINS,North Great Plains
8053500,GREAT PLAINS,South Great Plains
10257550,MEDITERRANEAN CALIFORNIA,Mediterranean California
7303000,GREAT PLAINS,South Great Plains
9537200,SOUTHERN SEMIARID HIGHLANDS,Western Desert
11042000,MEDITERRANEAN CALIFORNIA,Mediterranean California
7311800,GREAT PLAINS,South Great Plains
11120000,MEDITERRANEAN CALIFORNIA,Mediterranean California
9510200,TEMPERATE SIERRAS,Western Mountains
8190500,GREAT PLAINS,South Great Plains
9468500,SOUTHERN SEMIARID HIGHLANDS,Western Desert
6828500,GREAT PLAINS,South Great Plains
8068720,GREAT PLAINS,South Great Plains
9401260,NORTH AMERICAN DESERTS,Western Desert
7170700,GREAT PLAINS,South Great Plains
11059300,MEDITERRANEAN CALIFORNIA,Mediterranean California
7314500,GREAT PLAINS,South Great Plains
7116500,GREAT PLAINS,South Great Plains
11151700,MEDITERRANEAN CALIFORNIA,Mediterranean California
6866900,GREAT PLAINS,South Great Plains
8194500,GREAT PLAINS,South Great Plains
2266200,EASTERN TEMPERATE FORESTS,Eastern Forests
8110430,EASTERN TEMPERATE FORESTS,Eastern Forests
11180700,MEDITERRANEAN CALIFORNIA,Mediterranean California
5060500,GREAT PLAINS,North Great Plains
6354882,GREAT PLAINS,North Great Plains
8044000,GREAT PLAINS,South Great Plains
10258000,MEDITERRANEAN CALIFORNIA,Mediterranean California
8382500,GREAT PLAINS,South Great Plains
7234000,GREAT PLAINS,South Great Plains
9508300,TEMPERATE SIERRAS,Western Mountains
6821500,GREAT PLAINS,South Great Plains
11046000,MEDITERRANEAN CALIFORNIA,Mediterranean California
2303350,EASTERN TEMPERATE FORESTS,Eastern Forests
8123800,GREAT PLAINS,South Great Plains
6400000,GREAT PLAINS,North Great Plains
6871000,GREAT PLAINS,South Great Plains
11069500,MEDITERRANEAN CALIFORNIA,Mediterranean California
1311500,EASTERN TEMPERATE FORESTS,Eastern Forests
8083100,GREAT PLAINS,South Great Plains
10257600,MEDITERRANEAN CALIFORNIA,Mediterranean California
11133000,MEDITERRANEAN CALIFORNIA,Mediterranean California
6441500,GREAT PLAINS,North Great Plains
11452500,MEDITERRANEAN CALIFORNIA,Mediterranean California
8110325,GREAT PLAINS,South Great Plains
6860000,GREAT PLAINS,South Great Plains
9166950,NORTHWESTERN FORESTED MOUNTAINS,Western Mountains
11062000,MEDITERRANEAN CALIFORNIA,Mediterranean California
11159200,MARINE WEST COAST FOREST,Mediterranean California
9498503,TEMPERATE SIERRAS,Western Mountains
8127000,GREAT PLAINS,South Great Plains
9426620,NORTH AMERICAN DESERTS,Western Desert
8172400,GREAT PLAINS,South Great Plains
9386030,TEMPERATE SIERRAS,Western Mountains
8382600,GREAT PLAINS,South Great Plains
11128500,MEDITERRANEAN CALIFORNIA,Mediterranean California
11216400,NORTHWESTERN FORESTED MOUNTAINS,Western Mountains
11025500,MEDITERRANEAN CALIFORNIA,Mediterranean California
2291580,EASTERN TEMPERATE FORESTS,Eastern Forests
11152300,MEDITERRANEAN CALIFORNIA,Mediterranean California
11136800,MEDITERRANEAN CALIFORNIA,Mediterranean California
11124500,MEDITERRANEAN CALIFORNIA,Mediterranean California
11180960,MEDITERRANEAN CALIFORNIA,Mediterranean California
7141780,GREAT PLAINS,South Great Plains
11015000,MEDITERRANEAN CALIFORNIA,Mediterranean California
9291000,NORTHWESTERN FORESTED MOUNTAINS,Western Mountains
8042800,GREAT PLAINS,South Great Plains
2216180,EASTERN TEMPERATE FORESTS,Eastern Forests
8205500,GREAT PLAINS,South Great Plains
2294491,EASTERN TEMPERATE FORESTS,Eastern Forests
8086212,GREAT PLAINS,South Great Plains
6471200,GREAT PLAINS,North Great Plains
9484000,SOUTHERN SEMIARID HIGHLANDS,Western Desert
11148900,MEDITERRANEAN CALIFORNIA,Mediterranean California
11028500,MEDITERRANEAN CALIFORNIA,Mediterranean California
10257720,MEDITERRANEAN CALIFORNIA,Mediterranean California
6440200,GREAT PLAINS,North Great Plains
11284400,NORTHWESTERN FORESTED MOUNTAINS,Western Mountains
7154500,GREAT PLAINS,South Great Plains
11152500,MEDITERRANEAN CALIFORNIA,Mediterranean California
2309848,EASTERN TEMPERATE FORESTS,Eastern Forests
7315200,GREAT PLAINS,South Great Plains
11014000,MEDITERRANEAN CALIFORNIA,Mediterranean California
9378630,NORTHWESTERN FORESTED MOUNTAINS,Western Mountains
6425100,NORTHWESTERN FORESTED MOUNTAINS,Western Mountains
8086290,GREAT PLAINS,South Great Plains
8178700,GREAT PLAINS,South Great Plains
6847500,GREAT PLAINS,South Great Plains
6862850,GREAT PLAINS,South Great Plains
11176400,MEDITERRANEAN CALIFORNIA,Mediterranean California
8134000,GREAT PLAINS,South Great Plains
6425500,GREAT PLAINS,North Great Plains
2236900,EASTERN TEMPERATE FORESTS,Eastern Forests
6827500,GREAT PLAINS,South Great Plains
8103900,GREAT PLAINS,South Great Plains
11299600,MEDITERRANEAN CALIFORNIA,Mediterranean California
7141900,GREAT PLAINS,South Great Plains
10259200,MEDITERRANEAN CALIFORNIA,Mediterranean California
12513000,NORTH AMERICAN DESERTS,Western Desert
8194000,GREAT PLAINS,South Great Plains
2303400,EASTERN TEMPERATE FORESTS,Eastern Forests
6848500,GREAT PLAINS,South Great Plains
11143250,MEDITERRANEAN CALIFORNIA,Mediterranean California
8353000,NORTH AMERICAN DESERTS,Western Desert
11274630,MEDITERRANEAN CALIFORNIA,Mediterranean California
5123400,GREAT PLAINS,North Great Plains
11123500,MEDITERRANEAN CALIFORNIA,Mediterranean California
8193000,GREAT PLAINS,South Great Plains
11149900,MEDITERRANEAN CALIFORNIA,Mediterranean California
11493500,NORTHWESTERN FORESTED MOUNTAINS,Western Mountains
11075800,MEDITERRANEAN CALIFORNIA,Mediterranean California
11128250,MEDITERRANEAN CALIFORNIA,Mediterranean California
11046530,MEDITERRANEAN CALIFORNIA,Mediterranean California
6400875,GREAT PLAINS,North Great Plains
8050800,GREAT PLAINS,South Great Plains
13058000,NORTHWESTERN FORESTED MOUNTAINS,Western Mountains
8156800,GREAT PLAINS,South Great Plains
8128400,GREAT PLAINS,South Great Plains
9386950,NORTH AMERICAN DESERTS,Western Desert
8334000,NORTH AMERICAN DESERTS,Western Desert
8079600,GREAT PLAINS,South Great Plains
11253310,MEDITERRANEAN CALIFORNIA,Mediterranean California
6844900,GREAT PLAINS,South Great Plains
11158600,MEDITERRANEAN CALIFORNIA,Mediterranean California
11224500,MEDITERRANEAN CALIFORNIA,Mediterranean California
6879650,GREAT PLAINS,South Great Plains
9512280,TEMPERATE SIERRAS,Western Mountains
11147500,MEDITERRANEAN CALIFORNIA,Mediterranean California
10260950,MEDITERRANEAN CALIFORNIA,Mediterranean California
9485000,SOUTHERN SEMIARID HIGHLANDS,Western Desert
2266205,EASTERN TEMPERATE FORESTS,Eastern Forests
13132500,NORTHWESTERN FORESTED MOUNTAINS,Western Mountains
10258500,MEDITERRANEAN CALIFORNIA,Mediterranean California
8194200,GREAT PLAINS,South Great Plains
11180500,MEDITERRANEAN CALIFORNIA,Mediterranean California
11097000,MEDITERRANEAN CALIFORNIA,Mediterranean California
8189200,GREAT PLAINS,South Great Plains
8155300,GREAT PLAINS,South Great Plains
9513780,TEMPERATE SIERRAS,Western Mountains
11152600,MEDITERRANEAN CALIFORNIA,Mediterranean California
8317950,NORTH AMERICAN DESERTS,Western Desert
11123000,MEDITERRANEAN CALIFORNIA,Mediterranean California
8390500,TEMPERATE SIERRAS,Western Mountains
7141200,GREAT PLAINS,South Great Plains
13112000,NORTH AMERICAN DESERTS,Western Desert
7314900,GREAT PLAINS,South Great Plains
11119500,MEDITERRANEAN CALIFORNIA,Mediterranean California
8390800,TEMPERATE SIERRAS,Western Mountains
9505350,TEMPERATE SIERRAS,Western Mountains
11119940,MEDITERRANEAN CALIFORNIA,Mediterranean California
11078000,MEDITERRANEAN CALIFORNIA,Mediterranean California
8082700,GREAT PLAINS,South Great Plains
11065000,MEDITERRANEAN CALIFORNIA,Mediterranean California
9424900,NORTH AMERICAN DESERTS,Western Desert
11274500,MEDITERRANEAN CALIFORNIA,Mediterranean California
13132520,NORTHWESTERN FORESTED MOUNTAINS,Western Mountains
11042800,MEDITERRANEAN CALIFORNIA,Mediterranean California
7140850,GREAT PLAINS,South Great Plains
11075720,MEDITERRANEAN CALIFORNIA,Mediterranean California
7226500,GREAT PLAINS,South Great Plains
11140000,MEDITERRANEAN CALIFORNIA,Mediterranean California
6423010,NORTHWESTERN FORESTED MOUNTAINS,Western Mountains
2263869,EASTERN TEMPERATE FORESTS,Eastern Forests
11119750,MEDITERRANEAN CALIFORNIA,Mediterranean California
8181400,GREAT PLAINS,South Great Plains
13132535,NORTHWESTERN FORESTED MOUNTAINS,Western Mountains
11085000,MEDITERRANEAN CALIFORNIA,Mediterranean California
6846500,GREAT PLAINS,South Great Plains
7155590,GREAT PLAINS,South Great Plains
10287770,NORTHWESTERN FORESTED MOUNTAINS,Western Mountains
9423350,NORTH AMERICAN DESERTS,Western Desert
8197500,GREAT PLAINS,South Great Plains
11042900,MEDITERRANEAN CALIFORNIA,Mediterranean California
9535100,NORTH AMERICAN DESERTS,Western Desert
11042631,MEDITERRANEAN CALIFORNIA,Mediterranean California
8185000,GREAT PLAINS,South Great Plains
11077500,MEDITERRANEAN CALIFORNIA,Mediterranean California
9517490,NORTH AMERICAN DESERTS,Western Desert
8202700,GREAT PLAINS,South Great Plains
8398500,TEMPERATE SIERRAS,Western Mountains
8401200,NORTH AMERICAN DESERTS,Western Desert
9513860,NORTH AMERICAN DESERTS,Western Desert
8400000,NORTH AMERICAN DESERTS,Western Desert
8401900,NORTH AMERICAN DESERTS,Western Desert
