predictor,IncMSE,oobMSE,metric,region_rf
p.pet_cy.previous,3780.2256395729996,3064.5292569414087,annualnoflowdays,National
drain_sqkm,3012.739366435655,3064.5292569414087,annualnoflowdays,National
p.pet_amj,2348.655656121347,3064.5292569414087,annualnoflowdays,National
lulc_water_prc,2628.917615006007,3064.5292569414087,annualnoflowdays,National
p.pet_jas,1627.5388498853652,3064.5292569414087,annualnoflowdays,National
pet_mm_amj,2163.9081875869374,3064.5292569414087,annualnoflowdays,National
depth_bedrock_m,2648.84137736114,3064.5292569414087,annualnoflowdays,National
permave,2563.655985295987,3064.5292569414087,annualnoflowdays,National
majordams_n,802.8079220210054,3064.5292569414087,annualnoflowdays,National
p.pet_cy,2760.087009346146,3064.5292569414087,annualnoflowdays,National
porosity,1649.1387865994234,3064.5292569414087,annualnoflowdays,National
dams_n,1993.3787905347262,3064.5292569414087,annualnoflowdays,National
topwet,1994.2102908186748,3064.5292569414087,annualnoflowdays,National
lulc_grass_prc,1798.6992872060307,3064.5292569414087,annualnoflowdays,National
slope_pct,2233.04519507364,3064.5292569414087,annualnoflowdays,National
p.pet_jfm.previous,660.9474794419382,3064.5292569414087,annualnoflowdays,National
irrig_prc,1418.1746602988303,3064.5292569414087,annualnoflowdays,National
elev_mean_m_basin,2384.5920219725667,3064.5292569414087,annualnoflowdays,National
siltave,2010.2193405839862,3064.5292569414087,annualnoflowdays,National
lulc_dev_prc,1022.3019427834708,3064.5292569414087,annualnoflowdays,National
awcave,1017.9638072950557,3064.5292569414087,annualnoflowdays,National
wuse_mm,1233.1306353896844,3064.5292569414087,annualnoflowdays,National
clayave,1456.655509667052,2326.7591615662855,annualnoflowdays,North Great Plains
p.pet_cy,2165.9749990909972,2326.7591615662855,annualnoflowdays,North Great Plains
porosity,735.245074414396,2326.7591615662855,annualnoflowdays,North Great Plains
permave,685.7430810161649,2326.7591615662855,annualnoflowdays,North Great Plains
drain_sqkm,491.17030399005506,2326.7591615662855,annualnoflowdays,North Great Plains
p.pet_amj,653.804104237685,2326.7591615662855,annualnoflowdays,North Great Plains
pet_mm_amj,533.8612255286865,2326.7591615662855,annualnoflowdays,North Great Plains
p.pet_cy.previous,973.2065809076635,2326.7591615662855,annualnoflowdays,North Great Plains
depth_bedrock_m,289.16325212667414,2326.7591615662855,annualnoflowdays,North Great Plains
pet_mm_amj.previous,514.6298604053414,2326.7591615662855,annualnoflowdays,North Great Plains
dams_n,705.9058554435861,2326.7591615662855,annualnoflowdays,North Great Plains
lulc_ag_prc,1002.0381824793825,2326.7591615662855,annualnoflowdays,North Great Plains
lulc_grass_prc,530.2048715832362,2326.7591615662855,annualnoflowdays,North Great Plains
lulc_forest_prc,1269.9947625703,2326.7591615662855,annualnoflowdays,North Great Plains
p_mm_ond,157.9370415367132,2326.7591615662855,annualnoflowdays,North Great Plains
elev_mean_m_basin,581.2515716190167,2326.7591615662855,annualnoflowdays,North Great Plains
majordams_n,85.78938735751875,2326.7591615662855,annualnoflowdays,North Great Plains
p_mm_ond.previous,436.9937723855954,2326.7591615662855,annualnoflowdays,North Great Plains
siltave,140.65394973948037,2326.7591615662855,annualnoflowdays,North Great Plains
p.pet_ond.previous,408.9346086696063,2326.7591615662855,annualnoflowdays,North Great Plains
lulc_water_prc,562.8845720543712,2326.7591615662855,annualnoflowdays,North Great Plains
slope_pct,481.4695210038145,2326.7591615662855,annualnoflowdays,North Great Plains
p.pet_cy.previous,4423.2682343436645,4525.837303928817,annualnoflowdays,Mediterranean California
permave,2320.320795878435,4525.837303928817,annualnoflowdays,Mediterranean California
depth_bedrock_m,6191.169251426524,4525.837303928817,annualnoflowdays,Mediterranean California
irrig_prc,1664.8589908106642,4525.837303928817,annualnoflowdays,Mediterranean California
p.pet_jfm.previous,1255.8572298431034,4525.837303928817,annualnoflowdays,Mediterranean California
clayave,1240.4989233232805,4525.837303928817,annualnoflowdays,Mediterranean California
lulc_grass_prc,2774.846749934373,4525.837303928817,annualnoflowdays,Mediterranean California
siltave,1633.5910170124343,4525.837303928817,annualnoflowdays,Mediterranean California
wuse_mm,2549.000088441232,4525.837303928817,annualnoflowdays,Mediterranean California
p_mm_jfm.previous,758.3486880223425,4525.837303928817,annualnoflowdays,Mediterranean California
lulc_dev_prc,1331.818595569353,4525.837303928817,annualnoflowdays,Mediterranean California
awcave,606.8070602783082,4525.837303928817,annualnoflowdays,Mediterranean California
lulc_ag_prc,1178.0782492577325,4525.837303928817,annualnoflowdays,Mediterranean California
topwet,2375.9875524583445,4525.837303928817,annualnoflowdays,Mediterranean California
slope_pct,1221.093213311481,4525.837303928817,annualnoflowdays,Mediterranean California
drain_sqkm,1890.572590033104,4525.837303928817,annualnoflowdays,Mediterranean California
dams_n,1526.2739626398595,4525.837303928817,annualnoflowdays,Mediterranean California
p.pet_ond.previous,655.5066024190445,4525.837303928817,annualnoflowdays,Mediterranean California
pet_mm_amj.previous,665.799203460731,4525.837303928817,annualnoflowdays,Mediterranean California
porosity,1279.1720387233997,4525.837303928817,annualnoflowdays,Mediterranean California
p_mm_ond.previous,439.6156101636559,4525.837303928817,annualnoflowdays,Mediterranean California
lulc_barren_prc,1115.7200509124636,4525.837303928817,annualnoflowdays,Mediterranean California
drain_sqkm,3559.67307400018,3962.4369682151823,annualnoflowdays,South Great Plains
majordams_n,1507.1790177000241,3962.4369682151823,annualnoflowdays,South Great Plains
permave,2819.2634106564283,3962.4369682151823,annualnoflowdays,South Great Plains
p.pet_cy.previous,1744.1259052446685,3962.4369682151823,annualnoflowdays,South Great Plains
p.pet_jas,813.797319076319,3962.4369682151823,annualnoflowdays,South Great Plains
dams_n,2272.2252204062734,3962.4369682151823,annualnoflowdays,South Great Plains
lulc_barren_prc,1451.8766424764453,3962.4369682151823,annualnoflowdays,South Great Plains
siltave,1796.8817337469943,3962.4369682151823,annualnoflowdays,South Great Plains
p.pet_cy,2967.8733865211966,3962.4369682151823,annualnoflowdays,South Great Plains
p.pet_amj,1129.3963155069812,3962.4369682151823,annualnoflowdays,South Great Plains
pet_mm_amj,1171.3764475772687,3962.4369682151823,annualnoflowdays,South Great Plains
pet_mm_jas,750.7381801772563,3962.4369682151823,annualnoflowdays,South Great Plains
awcave,1147.1305119423755,3962.4369682151823,annualnoflowdays,South Great Plains
irrig_prc,1778.737298997977,3962.4369682151823,annualnoflowdays,South Great Plains
clayave,1358.9363764580175,3962.4369682151823,annualnoflowdays,South Great Plains
p.pet_ond.previous,373.8422291496223,3962.4369682151823,annualnoflowdays,South Great Plains
elev_mean_m_basin,2796.8130179623254,3962.4369682151823,annualnoflowdays,South Great Plains
wuse_mm,1284.8436584238243,3962.4369682151823,annualnoflowdays,South Great Plains
pet_mm_jas.previous,437.07078397879957,3962.4369682151823,annualnoflowdays,South Great Plains
T_max_c_jas,990.5714789786897,3962.4369682151823,annualnoflowdays,South Great Plains
depth_bedrock_m,2114.874904435165,3962.4369682151823,annualnoflowdays,South Great Plains
pet_mm_cy,927.915112067355,3962.4369682151823,annualnoflowdays,South Great Plains
porosity,5067.501155767898,2044.1696161853745,annualnoflowdays,Western Desert
awcave,733.5107371530555,2044.1696161853745,annualnoflowdays,Western Desert
slope_pct,3642.1364922448097,2044.1696161853745,annualnoflowdays,Western Desert
drain_sqkm,757.2435101863531,2044.1696161853745,annualnoflowdays,Western Desert
depth_bedrock_m,1829.6223578981608,2044.1696161853745,annualnoflowdays,Western Desert
dams_n,867.8073396856204,2044.1696161853745,annualnoflowdays,Western Desert
lulc_forest_prc,4633.910532107713,2044.1696161853745,annualnoflowdays,Western Desert
majordams_n,334.72475603369116,2044.1696161853745,annualnoflowdays,Western Desert
lulc_water_prc,1309.4301711723308,2044.1696161853745,annualnoflowdays,Western Desert
T_max_c_cy,3164.199188283818,2044.1696161853745,annualnoflowdays,Western Desert
elev_mean_m_basin,2408.340685948371,2044.1696161853745,annualnoflowdays,Western Desert
permave,2226.6798976977316,2044.1696161853745,annualnoflowdays,Western Desert
siltave,966.7590406517803,2044.1696161853745,annualnoflowdays,Western Desert
pet_mm_jas,345.9813432908269,2044.1696161853745,annualnoflowdays,Western Desert
lulc_barren_prc,2047.4438408239728,2044.1696161853745,annualnoflowdays,Western Desert
pet_mm_cy,7435.832844801412,2044.1696161853745,annualnoflowdays,Western Desert
pet_mm_amj,3316.3343624010713,2044.1696161853745,annualnoflowdays,Western Desert
pet_mm_jas.previous,300.60598560126016,2044.1696161853745,annualnoflowdays,Western Desert
topwet,624.6812911395622,2044.1696161853745,annualnoflowdays,Western Desert
T_max_c_jas,605.6740106194013,2044.1696161853745,annualnoflowdays,Western Desert
pet_mm_amj.previous,1884.713207462434,2044.1696161853745,annualnoflowdays,Western Desert
lulc_grass_prc,2389.929570035017,2044.1696161853745,annualnoflowdays,Western Desert
permave,1829.9187396007512,1718.426774228796,annualnoflowdays,Eastern Forests
lulc_water_prc,702.9015480252048,1718.426774228796,annualnoflowdays,Eastern Forests
drain_sqkm,905.1651865550925,1718.426774228796,annualnoflowdays,Eastern Forests
topwet,639.7676686101826,1718.426774228796,annualnoflowdays,Eastern Forests
pet_mm_amj,651.4267979842441,1718.426774228796,annualnoflowdays,Eastern Forests
slope_pct,942.0320130080779,1718.426774228796,annualnoflowdays,Eastern Forests
lulc_grass_prc,428.87106416026194,1718.426774228796,annualnoflowdays,Eastern Forests
elev_mean_m_basin,627.9378166009094,1718.426774228796,annualnoflowdays,Eastern Forests
depth_bedrock_m,482.5007452989805,1718.426774228796,annualnoflowdays,Eastern Forests
wuse_mm,523.8596339013988,1718.426774228796,annualnoflowdays,Eastern Forests
p.pet_cy,501.7591744663813,1718.426774228796,annualnoflowdays,Eastern Forests
p.pet_cy.previous,218.3543982325698,1718.426774228796,annualnoflowdays,Eastern Forests
siltave,1304.8293644296668,1718.426774228796,annualnoflowdays,Eastern Forests
lulc_wetland_prc,532.3088243271949,1718.426774228796,annualnoflowdays,Eastern Forests
p.pet_amj,289.2841504679195,1718.426774228796,annualnoflowdays,Eastern Forests
clayave,724.1772886435521,1718.426774228796,annualnoflowdays,Eastern Forests
p.pet_jfm.previous,212.80365606331526,1718.426774228796,annualnoflowdays,Eastern Forests
p_mm_jfm.previous,111.1130554357454,1718.426774228796,annualnoflowdays,Eastern Forests
lulc_barren_prc,343.98824468442945,1718.426774228796,annualnoflowdays,Eastern Forests
p.pet_jas,486.1548278742598,1718.426774228796,annualnoflowdays,Eastern Forests
pet_mm_ond.previous,440.2676924504528,1718.426774228796,annualnoflowdays,Eastern Forests
dams_n,286.6666095770528,1718.426774228796,annualnoflowdays,Eastern Forests
lulc_forest_prc,4648.980455478756,2633.2566265831565,annualnoflowdays,Western Mountains
drain_sqkm,2723.0455776868603,2633.2566265831565,annualnoflowdays,Western Mountains
p.pet_cy.previous,2984.010615991675,2633.2566265831565,annualnoflowdays,Western Mountains
lulc_grass_prc,3099.621131439334,2633.2566265831565,annualnoflowdays,Western Mountains
siltave,1497.7277629256998,2633.2566265831565,annualnoflowdays,Western Mountains
depth_bedrock_m,1395.2109027682181,2633.2566265831565,annualnoflowdays,Western Mountains
permave,4463.776094546611,2633.2566265831565,annualnoflowdays,Western Mountains
majordams_n,1279.6463102677574,2633.2566265831565,annualnoflowdays,Western Mountains
lulc_ag_prc,1461.8285571992744,2633.2566265831565,annualnoflowdays,Western Mountains
elev_mean_m_basin,2166.9970803780207,2633.2566265831565,annualnoflowdays,Western Mountains
porosity,2972.3342597236337,2633.2566265831565,annualnoflowdays,Western Mountains
irrig_prc,906.84649490590175,2633.2566265831565,annualnoflowdays,Western Mountains
slope_pct,4109.680500439196,2633.2566265831565,annualnoflowdays,Western Mountains
lulc_wetland_prc,2036.4592294643278,2633.2566265831565,annualnoflowdays,Western Mountains
lulc_barren_prc,1810.9602091434904,2633.2566265831565,annualnoflowdays,Western Mountains
dams_n,1059.384614125664,2633.2566265831565,annualnoflowdays,Western Mountains
pet_mm_amj,2464.1770152081494,2633.2566265831565,annualnoflowdays,Western Mountains
awcave,509.83722796845905,2633.2566265831565,annualnoflowdays,Western Mountains
pet_mm_amj.previous,2230.0551256003905,2633.2566265831565,annualnoflowdays,Western Mountains
p.pet_amj,892.4905150718046,2633.2566265831565,annualnoflowdays,Western Mountains
swe.p_amj,562.3696005240546,2633.2566265831565,annualnoflowdays,Western Mountains
topwet,1442.667814676077,2633.2566265831565,annualnoflowdays,Western Mountains
p.pet_cy.previous,1478.9841247945255,2602.780048126692,zeroflowfirst,National
p.pet_jfm.previous,1135.335973057403,2602.780048126692,zeroflowfirst,National
p_mm_jfm.previous,719.6074021685386,2602.780048126692,zeroflowfirst,National
p.pet_amj,464.480846054983,2602.780048126692,zeroflowfirst,National
pet_mm_ond.previous,1028.1753380007256,2602.780048126692,zeroflowfirst,National
pet_mm_amj,828.0331896926864,2602.780048126692,zeroflowfirst,National
p.pet_ond.previous,770.471774765255,2602.780048126692,zeroflowfirst,National
drain_sqkm,544.2290316226572,2602.780048126692,zeroflowfirst,National
p_mm_ond.previous,551.844031236574,2602.780048126692,zeroflowfirst,National
dams_n,442.5880647797944,2602.780048126692,zeroflowfirst,National
pet_mm_amj.previous,508.0883188181557,2602.780048126692,zeroflowfirst,National
awcave,305.814053041262,2602.780048126692,zeroflowfirst,National
lulc_ag_prc,496.2867565338709,2602.780048126692,zeroflowfirst,National
lulc_barren_prc,291.2349916063882,2602.780048126692,zeroflowfirst,National
porosity,316.6436153798185,2602.780048126692,zeroflowfirst,National
depth_bedrock_m,671.2432676274043,2602.780048126692,zeroflowfirst,National
lulc_grass_prc,474.2359554224519,2602.780048126692,zeroflowfirst,National
irrig_prc,413.5634398588225,2602.780048126692,zeroflowfirst,National
pet_mm_cy,743.0303699552612,2602.780048126692,zeroflowfirst,National
lulc_forest_prc,535.1033611653851,2602.780048126692,zeroflowfirst,National
wuse_mm,519.453069067187,2602.780048126692,zeroflowfirst,National
p_mm_amj.previous,415.90007072055477,2602.780048126692,zeroflowfirst,National
permave,500.99222410130443,2602.780048126692,zeroflowfirst,National
majordams_n,159.4164680236158,2602.780048126692,zeroflowfirst,National
slope_pct,617.0833418824772,2602.780048126692,zeroflowfirst,National
T_max_c_cy,614.7132823012162,2602.780048126692,zeroflowfirst,National
elev_mean_m_basin,648.8694475037897,2602.780048126692,zeroflowfirst,National
pet_mm_ond.previous,772.0844948938666,4531.789952284855,zeroflowfirst,North Great Plains
permave,816.9501304674354,4531.789952284855,zeroflowfirst,North Great Plains
clayave,576.5075734143697,4531.789952284855,zeroflowfirst,North Great Plains
awcave,128.3945878917996,4531.789952284855,zeroflowfirst,North Great Plains
T_max_c_jas,346.2301879309852,4531.789952284855,zeroflowfirst,North Great Plains
p.pet_cy.previous,699.7245249955939,4531.789952284855,zeroflowfirst,North Great Plains
pet_mm_jas.previous,342.6339627678261,4531.789952284855,zeroflowfirst,North Great Plains
porosity,385.907721270882,4531.789952284855,zeroflowfirst,North Great Plains
p.pet_jfm.previous,203.71175012943448,4531.789952284855,zeroflowfirst,North Great Plains
p_mm_jas.previous,386.87936892488744,4531.789952284855,zeroflowfirst,North Great Plains
p.pet_ond.previous,379.6869713238569,4531.789952284855,zeroflowfirst,North Great Plains
lulc_grass_prc,426.0246627104099,4531.789952284855,zeroflowfirst,North Great Plains
siltave,383.34385776710104,4531.789952284855,zeroflowfirst,North Great Plains
drain_sqkm,219.73251750112527,4531.789952284855,zeroflowfirst,North Great Plains
pet_mm_jas,235.42733982565784,4531.789952284855,zeroflowfirst,North Great Plains
swe_mm_ond.previous,140.59332263709695,4531.789952284855,zeroflowfirst,North Great Plains
wuse_mm,155.12167785639602,4531.789952284855,zeroflowfirst,North Great Plains
pet_mm_ond,291.3099758606779,4531.789952284855,zeroflowfirst,North Great Plains
T_max_c_cy,570.1728001991837,4531.789952284855,zeroflowfirst,North Great Plains
pet_mm_cy,203.2628719324002,4531.789952284855,zeroflowfirst,North Great Plains
irrig_prc,212.65264795356342,4531.789952284855,zeroflowfirst,North Great Plains
depth_bedrock_m,238.26694722575493,4531.789952284855,zeroflowfirst,North Great Plains
p_mm_ond.previous,194.87489597084343,4531.789952284855,zeroflowfirst,North Great Plains
lulc_water_prc,240.79669820652882,4531.789952284855,zeroflowfirst,North Great Plains
lulc_forest_prc,294.30030379948244,4531.789952284855,zeroflowfirst,North Great Plains
pet_mm_amj.previous,163.91423362763274,4531.789952284855,zeroflowfirst,North Great Plains
pet_mm_amj,110.40708593666515,4531.789952284855,zeroflowfirst,North Great Plains
p.pet_cy.previous,933.0749801178083,2135.809765528507,zeroflowfirst,Mediterranean California
p.pet_jfm.previous,478.08767723212674,2135.809765528507,zeroflowfirst,Mediterranean California
p_mm_jfm.previous,403.01505816560416,2135.809765528507,zeroflowfirst,Mediterranean California
irrig_prc,472.98479995540833,2135.809765528507,zeroflowfirst,Mediterranean California
depth_bedrock_m,606.5651847906969,2135.809765528507,zeroflowfirst,Mediterranean California
p.pet_ond.previous,255.1884598370232,2135.809765528507,zeroflowfirst,Mediterranean California
p_mm_ond.previous,239.52843518294006,2135.809765528507,zeroflowfirst,Mediterranean California
lulc_barren_prc,298.5365592752172,2135.809765528507,zeroflowfirst,Mediterranean California
slope_pct,227.51727580581903,2135.809765528507,zeroflowfirst,Mediterranean California
p.pet_amj,175.89172602712657,2135.809765528507,zeroflowfirst,Mediterranean California
lulc_grass_prc,215.03875035478268,2135.809765528507,zeroflowfirst,Mediterranean California
lulc_forest_prc,310.29984904777797,2135.809765528507,zeroflowfirst,Mediterranean California
pet_mm_ond.previous,185.48620781380814,2135.809765528507,zeroflowfirst,Mediterranean California
siltave,226.42922654551677,2135.809765528507,zeroflowfirst,Mediterranean California
topwet,397.298648433139,2135.809765528507,zeroflowfirst,Mediterranean California
lulc_ag_prc,186.6236593409943,2135.809765528507,zeroflowfirst,Mediterranean California
drain_sqkm,278.73193718937483,2135.809765528507,zeroflowfirst,Mediterranean California
clayave,184.84623536686092,2135.809765528507,zeroflowfirst,Mediterranean California
majordams_n,96.36609067030393,2135.809765528507,zeroflowfirst,Mediterranean California
porosity,223.03944220855522,2135.809765528507,zeroflowfirst,Mediterranean California
wuse_mm,423.6166759918945,2135.809765528507,zeroflowfirst,Mediterranean California
elev_mean_m_basin,237.2083106562172,2135.809765528507,zeroflowfirst,Mediterranean California
lulc_water_prc,275.5187930940513,2135.809765528507,zeroflowfirst,Mediterranean California
T_max_c_cy,174.37487394605571,2135.809765528507,zeroflowfirst,Mediterranean California
p_mm_jas.previous,42.20454626298584,2135.809765528507,zeroflowfirst,Mediterranean California
awcave,111.52773189168913,2135.809765528507,zeroflowfirst,Mediterranean California
pet_mm_jas.previous,134.65346176755702,2135.809765528507,zeroflowfirst,Mediterranean California
p.pet_cy.previous,1100.2844690392124,2434.0344016327917,zeroflowfirst,South Great Plains
p.pet_jfm.previous,571.496071755605,2434.0344016327917,zeroflowfirst,South Great Plains
drain_sqkm,437.56414329583635,2434.0344016327917,zeroflowfirst,South Great Plains
permave,432.159517988972,2434.0344016327917,zeroflowfirst,South Great Plains
depth_bedrock_m,426.76503480728115,2434.0344016327917,zeroflowfirst,South Great Plains
p.pet_ond.previous,271.9347022604,2434.0344016327917,zeroflowfirst,South Great Plains
p_mm_jfm.previous,291.834462511963,2434.0344016327917,zeroflowfirst,South Great Plains
slope_pct,377.24454973947644,2434.0344016327917,zeroflowfirst,South Great Plains
majordams_n,117.82735942931171,2434.0344016327917,zeroflowfirst,South Great Plains
p_mm_ond.previous,224.92033087057072,2434.0344016327917,zeroflowfirst,South Great Plains
pet_mm_amj,388.7020867654104,2434.0344016327917,zeroflowfirst,South Great Plains
pet_mm_ond.previous,231.12827326185538,2434.0344016327917,zeroflowfirst,South Great Plains
p.pet_amj,419.4150783847986,2434.0344016327917,zeroflowfirst,South Great Plains
porosity,331.3169473861203,2434.0344016327917,zeroflowfirst,South Great Plains
dams_n,286.9525966856458,2434.0344016327917,zeroflowfirst,South Great Plains
T_max_c_cy,364.8490418639881,2434.0344016327917,zeroflowfirst,South Great Plains
lulc_forest_prc,446.80779058007187,2434.0344016327917,zeroflowfirst,South Great Plains
awcave,131.55766331501454,2434.0344016327917,zeroflowfirst,South Great Plains
clayave,313.87438806024056,2434.0344016327917,zeroflowfirst,South Great Plains
pet_mm_jas.previous,188.87672915938649,2434.0344016327917,zeroflowfirst,South Great Plains
lulc_grass_prc,369.987783817112,2434.0344016327917,zeroflowfirst,South Great Plains
swe_mm_jfm.previous,173.72014078356534,2434.0344016327917,zeroflowfirst,South Great Plains
siltave,217.33391041070914,2434.0344016327917,zeroflowfirst,South Great Plains
p_mm_amj.previous,315.7378435871762,2434.0344016327917,zeroflowfirst,South Great Plains
lulc_barren_prc,227.12502988282512,2434.0344016327917,zeroflowfirst,South Great Plains
p.pet_jfm,98.44777459894974,2434.0344016327917,zeroflowfirst,South Great Plains
elev_mean_m_basin,375.74713094942877,2434.0344016327917,zeroflowfirst,South Great Plains
pet_mm_amj,606.9041855576738,2037.063935152045,zeroflowfirst,Western Desert
T_max_c_cy,648.6663811255802,2037.063935152045,zeroflowfirst,Western Desert
pet_mm_amj.previous,212.11615739329176,2037.063935152045,zeroflowfirst,Western Desert
pet_mm_cy,352.8257612725917,2037.063935152045,zeroflowfirst,Western Desert
swe.p_cy,120.98006537936773,2037.063935152045,zeroflowfirst,Western Desert
porosity,356.4485263827717,2037.063935152045,zeroflowfirst,Western Desert
slope_pct,286.01008185631764,2037.063935152045,zeroflowfirst,Western Desert
swe_mm_cy,179.71810487686312,2037.063935152045,zeroflowfirst,Western Desert
pet_mm_ond,187.53238537463437,2037.063935152045,zeroflowfirst,Western Desert
p.pet_jas,274.5818973873701,2037.063935152045,zeroflowfirst,Western Desert
swe_mm_jfm.previous,118.77786989282862,2037.063935152045,zeroflowfirst,Western Desert
lulc_forest_prc,461.86200343573665,2037.063935152045,zeroflowfirst,Western Desert
swe.p_cy.previous,120.3908592495898,2037.063935152045,zeroflowfirst,Western Desert
pet_mm_ond.previous,316.64256157055945,2037.063935152045,zeroflowfirst,Western Desert
dams_n,151.77028817116502,2037.063935152045,zeroflowfirst,Western Desert
p.pet_jfm.previous,370.4092006848807,2037.063935152045,zeroflowfirst,Western Desert
lulc_grass_prc,485.80863063966507,2037.063935152045,zeroflowfirst,Western Desert
depth_bedrock_m,250.42711162616783,2037.063935152045,zeroflowfirst,Western Desert
permave,173.38975397910357,2037.063935152045,zeroflowfirst,Western Desert
swe.p_amj.previous,20.211597526332348,2037.063935152045,zeroflowfirst,Western Desert
drain_sqkm,154.3046641100844,2037.063935152045,zeroflowfirst,Western Desert
awcave,88.00826510287882,2037.063935152045,zeroflowfirst,Western Desert
swe.p_amj,82.46705593859923,2037.063935152045,zeroflowfirst,Western Desert
wuse_mm,215.09553118508018,2037.063935152045,zeroflowfirst,Western Desert
siltave,80.15962478484619,2037.063935152045,zeroflowfirst,Western Desert
p_mm_jfm.previous,265.18064523644347,2037.063935152045,zeroflowfirst,Western Desert
topwet,109.35023556249315,2037.063935152045,zeroflowfirst,Western Desert
permave,1205.336114192256,2478.7072456987444,zeroflowfirst,Eastern Forests
siltave,1148.6490833462,2478.7072456987444,zeroflowfirst,Eastern Forests
p.pet_jfm.previous,988.4940412267846,2478.7072456987444,zeroflowfirst,Eastern Forests
p_mm_jfm.previous,1007.4695747458009,2478.7072456987444,zeroflowfirst,Eastern Forests
p.pet_amj,615.3646693768387,2478.7072456987444,zeroflowfirst,Eastern Forests
clayave,542.1375487820159,2478.7072456987444,zeroflowfirst,Eastern Forests
p.pet_cy.previous,726.3402499269756,2478.7072456987444,zeroflowfirst,Eastern Forests
pet_mm_amj,531.763817208929,2478.7072456987444,zeroflowfirst,Eastern Forests
p.pet_ond.previous,1308.5611235681577,2478.7072456987444,zeroflowfirst,Eastern Forests
p.pet_jas,1371.2760478664077,2478.7072456987444,zeroflowfirst,Eastern Forests
p_mm_ond,192.38509233057553,2478.7072456987444,zeroflowfirst,Eastern Forests
elev_mean_m_basin,351.60487936266213,2478.7072456987444,zeroflowfirst,Eastern Forests
p_mm_ond.previous,373.55930138569335,2478.7072456987444,zeroflowfirst,Eastern Forests
majordams_n,68.9986239222762,2478.7072456987444,zeroflowfirst,Eastern Forests
drain_sqkm,211.140637177032,2478.7072456987444,zeroflowfirst,Eastern Forests
swe_mm_cy,146.64976023914932,2478.7072456987444,zeroflowfirst,Eastern Forests
pet_mm_ond.previous,432.92932406139244,2478.7072456987444,zeroflowfirst,Eastern Forests
p.pet_ond,307.24780107413613,2478.7072456987444,zeroflowfirst,Eastern Forests
T_max_c_cy,490.66081501598063,2478.7072456987444,zeroflowfirst,Eastern Forests
p.pet_cy,142.22166282807245,2478.7072456987444,zeroflowfirst,Eastern Forests
swe.p_cy.previous,87.11037795759388,2478.7072456987444,zeroflowfirst,Eastern Forests
T_max_c_jas,110.2135895795204,2478.7072456987444,zeroflowfirst,Eastern Forests
dams_n,134.67667050235153,2478.7072456987444,zeroflowfirst,Eastern Forests
awcave,168.33757390485113,2478.7072456987444,zeroflowfirst,Eastern Forests
topwet,55.997301341239634,2478.7072456987444,zeroflowfirst,Eastern Forests
wuse_mm,262.16815947537975,2478.7072456987444,zeroflowfirst,Eastern Forests
pet_mm_amj.previous,263.6929848122567,2478.7072456987444,zeroflowfirst,Eastern Forests
lulc_forest_prc,1688.9592145445206,2753.88399460818,zeroflowfirst,Western Mountains
lulc_wetland_prc,809.3777519970668,2753.88399460818,zeroflowfirst,Western Mountains
lulc_grass_prc,784.6964910470801,2753.88399460818,zeroflowfirst,Western Mountains
pet_mm_amj.previous,804.319606434343,2753.88399460818,zeroflowfirst,Western Mountains
pet_mm_ond.previous,981.3680890611824,2753.88399460818,zeroflowfirst,Western Mountains
pet_mm_amj,1058.3103820068377,2753.88399460818,zeroflowfirst,Western Mountains
lulc_ag_prc,399.68624647018794,2753.88399460818,zeroflowfirst,Western Mountains
pet_mm_ond,445.8505840841479,2753.88399460818,zeroflowfirst,Western Mountains
elev_mean_m_basin,665.9736890300387,2753.88399460818,zeroflowfirst,Western Mountains
lulc_barren_prc,671.7815650848582,2753.88399460818,zeroflowfirst,Western Mountains
pet_mm_cy,649.4324955484177,2753.88399460818,zeroflowfirst,Western Mountains
wuse_mm,649.4447590421822,2753.88399460818,zeroflowfirst,Western Mountains
p.pet_cy.previous,1020.6865778320795,2753.88399460818,zeroflowfirst,Western Mountains
irrig_prc,412.2559987988595,2753.88399460818,zeroflowfirst,Western Mountains
permave,445.8819572441745,2753.88399460818,zeroflowfirst,Western Mountains
p_mm_ond.previous,290.23770197774405,2753.88399460818,zeroflowfirst,Western Mountains
dams_n,230.24127505735763,2753.88399460818,zeroflowfirst,Western Mountains
majordams_n,672.9787240475642,2753.88399460818,zeroflowfirst,Western Mountains
slope_pct,959.0869829868722,2753.88399460818,zeroflowfirst,Western Mountains
p.pet_jfm.previous,776.4676172974422,2753.88399460818,zeroflowfirst,Western Mountains
p_mm_jfm.previous,478.4853429459205,2753.88399460818,zeroflowfirst,Western Mountains
T_max_c_cy,608.5024360095485,2753.88399460818,zeroflowfirst,Western Mountains
p_mm_amj.previous,212.4114285621169,2753.88399460818,zeroflowfirst,Western Mountains
drain_sqkm,734.6099935713161,2753.88399460818,zeroflowfirst,Western Mountains
T_max_c_jas,355.0245432981566,2753.88399460818,zeroflowfirst,Western Mountains
clayave,260.7207821728863,2753.88399460818,zeroflowfirst,Western Mountains
siltave,492.79462416968306,2753.88399460818,zeroflowfirst,Western Mountains
lulc_wetland_prc,167.1837695343204,255.7041004801985,peak2z_length,National
wuse_mm,111.52144637050502,255.7041004801985,peak2z_length,National
lulc_dev_prc,79.894283377242715,255.7041004801985,peak2z_length,National
drain_sqkm,145.93430985677986,255.7041004801985,peak2z_length,National
lulc_grass_prc,127.3972013733754,255.7041004801985,peak2z_length,National
lulc_forest_prc,144.3919344065928,255.7041004801985,peak2z_length,National
permave,115.18935379568461,255.7041004801985,peak2z_length,National
T_max_c_cy,137.3431333738769,255.7041004801985,peak2z_length,National
siltave,104.62714409828793,255.7041004801985,peak2z_length,National
pet_mm_ond,83.84071332391618,255.7041004801985,peak2z_length,National
pet_mm_amj,53.91766602867451,255.7041004801985,peak2z_length,National
p_mm_jas.previous,50.3526168557303,255.7041004801985,peak2z_length,National
pet_mm_cy,89.77518502500284,255.7041004801985,peak2z_length,National
majordams_n,55.25226345879013,255.7041004801985,peak2z_length,National
p.pet_cy,56.45037762342845,255.7041004801985,peak2z_length,National
clayave,115.84091187464317,255.7041004801985,peak2z_length,National
pet_mm_ond.previous,87.79332423816182,255.7041004801985,peak2z_length,National
p.pet_jas,48.35410004133407,255.7041004801985,peak2z_length,National
pet_mm_jas.previous,63.016775335869,255.7041004801985,peak2z_length,National
dams_n,78.56005731868876,255.7041004801985,peak2z_length,National
p.pet_cy.previous,65.7072590088617,255.7041004801985,peak2z_length,National
topwet,122.87618315331865,255.7041004801985,peak2z_length,National
elev_mean_m_basin,117.97473925365202,255.7041004801985,peak2z_length,National
depth_bedrock_m,86.0117139666397,255.7041004801985,peak2z_length,National
awcave,44.389128469568156,255.7041004801985,peak2z_length,National
slope_pct,132.85071482688656,255.7041004801985,peak2z_length,National
lulc_water_prc,65.5606575529508,255.7041004801985,peak2z_length,National
clayave,89.04418849894125,504.2036437988374,peak2z_length,North Great Plains
slope_pct,73.78241282618336,504.2036437988374,peak2z_length,North Great Plains
drain_sqkm,50.79633401158466,504.2036437988374,peak2z_length,North Great Plains
lulc_wetland_prc,86.04710655127138,504.2036437988374,peak2z_length,North Great Plains
topwet,54.385763763294186,504.2036437988374,peak2z_length,North Great Plains
siltave,51.98697194321205,504.2036437988374,peak2z_length,North Great Plains
majordams_n,43.22573337769167,504.2036437988374,peak2z_length,North Great Plains
lulc_grass_prc,63.4921763811363,504.2036437988374,peak2z_length,North Great Plains
lulc_ag_prc,81.53941901321616,504.2036437988374,peak2z_length,North Great Plains
permave,64.56074382902527,504.2036437988374,peak2z_length,North Great Plains
lulc_water_prc,58.07395794390158,504.2036437988374,peak2z_length,North Great Plains
awcave,50.77675586071196,504.2036437988374,peak2z_length,North Great Plains
T_max_c_cy,57.605712941888356,504.2036437988374,peak2z_length,North Great Plains
pet_mm_ond.previous,21.050063506174766,504.2036437988374,peak2z_length,North Great Plains
p_mm_jfm,2.506117519311239,504.2036437988374,peak2z_length,North Great Plains
T_max_c_jas,39.50362618423877,504.2036437988374,peak2z_length,North Great Plains
elev_mean_m_basin,72.99150748449298,504.2036437988374,peak2z_length,North Great Plains
porosity,68.9609421718066,504.2036437988374,peak2z_length,North Great Plains
pet_mm_ond,45.52008218383286,504.2036437988374,peak2z_length,North Great Plains
depth_bedrock_m,49.10760361818721,504.2036437988374,peak2z_length,North Great Plains
swe_mm_ond,5.619648944573805,504.2036437988374,peak2z_length,North Great Plains
p.pet_cy,36.6795042745822,504.2036437988374,peak2z_length,North Great Plains
dams_n,118.12063655144104,504.2036437988374,peak2z_length,North Great Plains
p.pet_ond,20.438173439231697,504.2036437988374,peak2z_length,North Great Plains
lulc_barren_prc,50.08529494035233,504.2036437988374,peak2z_length,North Great Plains
swe.p_ond.previous,14.454124055463408,504.2036437988374,peak2z_length,North Great Plains
pet_mm_amj,5.928732948004933,504.2036437988374,peak2z_length,North Great Plains
wuse_mm,199.49392334682156,190.72957316895395,peak2z_length,Mediterranean California
lulc_dev_prc,98.01082528972844,190.72957316895395,peak2z_length,Mediterranean California
lulc_forest_prc,65.83601214865848,190.72957316895395,peak2z_length,Mediterranean California
lulc_ag_prc,49.60168320835045,190.72957316895395,peak2z_length,Mediterranean California
lulc_barren_prc,50.616334055594194,190.72957316895395,peak2z_length,Mediterranean California
porosity,53.94482029274309,190.72957316895395,peak2z_length,Mediterranean California
pet_mm_jas,27.780914783678547,190.72957316895395,peak2z_length,Mediterranean California
pet_mm_jas.previous,17.339098322259147,190.72957316895395,peak2z_length,Mediterranean California
majordams_n,11.56332952964968,190.72957316895395,peak2z_length,Mediterranean California
irrig_prc,67.72190376989613,190.72957316895395,peak2z_length,Mediterranean California
pet_mm_ond,14.312403889166593,190.72957316895395,peak2z_length,Mediterranean California
permave,66.02220468374976,190.72957316895395,peak2z_length,Mediterranean California
clayave,82.46779255836537,190.72957316895395,peak2z_length,Mediterranean California
p.pet_jas,5.799538566349428,190.72957316895395,peak2z_length,Mediterranean California
elev_mean_m_basin,33.53259560315298,190.72957316895395,peak2z_length,Mediterranean California
topwet,53.344303115600425,190.72957316895395,peak2z_length,Mediterranean California
p.pet_ond,14.144082838794384,190.72957316895395,peak2z_length,Mediterranean California
p_mm_ond,13.411416816039004,190.72957316895395,peak2z_length,Mediterranean California
dams_n,21.972339486917093,190.72957316895395,peak2z_length,Mediterranean California
lulc_water_prc,52.844995801886206,190.72957316895395,peak2z_length,Mediterranean California
drain_sqkm,56.330241571909625,190.72957316895395,peak2z_length,Mediterranean California
T_max_c_jas,29.426213129867243,190.72957316895395,peak2z_length,Mediterranean California
slope_pct,35.9076557989279,190.72957316895395,peak2z_length,Mediterranean California
siltave,39.93284129820219,190.72957316895395,peak2z_length,Mediterranean California
pet_mm_amj,26.776003358650957,190.72957316895395,peak2z_length,Mediterranean California
T_max_c_cy,26.43058880188827,190.72957316895395,peak2z_length,Mediterranean California
swe.p_amj,2.0787198142600305,190.72957316895395,peak2z_length,Mediterranean California
topwet,81.33733403358384,177.90141822230288,peak2z_length,South Great Plains
porosity,94.32992572548778,177.90141822230288,peak2z_length,South Great Plains
slope_pct,70.40949420697399,177.90141822230288,peak2z_length,South Great Plains
lulc_dev_prc,36.492948191681954,177.90141822230288,peak2z_length,South Great Plains
elev_mean_m_basin,106.64639055261487,177.90141822230288,peak2z_length,South Great Plains
majordams_n,28.28667664557912,177.90141822230288,peak2z_length,South Great Plains
lulc_grass_prc,42.224007710848106,177.90141822230288,peak2z_length,South Great Plains
dams_n,73.94552029913675,177.90141822230288,peak2z_length,South Great Plains
wuse_mm,53.77562855545062,177.90141822230288,peak2z_length,South Great Plains
depth_bedrock_m,52.98261471273483,177.90141822230288,peak2z_length,South Great Plains
clayave,68.77524082511367,177.90141822230288,peak2z_length,South Great Plains
p_mm_jfm,15.409679399807796,177.90141822230288,peak2z_length,South Great Plains
pet_mm_ond.previous,10.426120537739024,177.90141822230288,peak2z_length,South Great Plains
permave,46.93945781366137,177.90141822230288,peak2z_length,South Great Plains
lulc_forest_prc,51.61936435124649,177.90141822230288,peak2z_length,South Great Plains
p.pet_cy,19.253598431981132,177.90141822230288,peak2z_length,South Great Plains
irrig_prc,46.73184259844259,177.90141822230288,peak2z_length,South Great Plains
lulc_wetland_prc,70.28550253138721,177.90141822230288,peak2z_length,South Great Plains
drain_sqkm,60.188481154899044,177.90141822230288,peak2z_length,South Great Plains
swe_mm_jfm.previous,5.672891568894096,177.90141822230288,peak2z_length,South Great Plains
pet_mm_cy,18.72595697708504,177.90141822230288,peak2z_length,South Great Plains
siltave,55.5269689160526,177.90141822230288,peak2z_length,South Great Plains
p.pet_jfm,16.02036151080273,177.90141822230288,peak2z_length,South Great Plains
awcave,30.53478467337848,177.90141822230288,peak2z_length,South Great Plains
lulc_water_prc,58.153575789563334,177.90141822230288,peak2z_length,South Great Plains
T_max_c_jas,16.364472175095063,177.90141822230288,peak2z_length,South Great Plains
p.pet_jas,3.8554942211615804,177.90141822230288,peak2z_length,South Great Plains
majordams_n,30.489170572750044,265.3076853593609,peak2z_length,Western Desert
pet_mm_amj.previous,40.58626472401075,265.3076853593609,peak2z_length,Western Desert
swe.p_cy,54.180516495130746,265.3076853593609,peak2z_length,Western Desert
swe_mm_cy,50.94619166418963,265.3076853593609,peak2z_length,Western Desert
dams_n,21.13277277079665,265.3076853593609,peak2z_length,Western Desert
p_mm_jas.previous,35.79601796518587,265.3076853593609,peak2z_length,Western Desert
swe.p_cy.previous,41.88239591017226,265.3076853593609,peak2z_length,Western Desert
p.pet_jas,16.57095814042741,265.3076853593609,peak2z_length,Western Desert
T_max_c_cy,66.0205989770951,265.3076853593609,peak2z_length,Western Desert
siltave,61.768516264452224,265.3076853593609,peak2z_length,Western Desert
lulc_ag_prc,30.42735543343439,265.3076853593609,peak2z_length,Western Desert
swe.p_ond,33.52103348054953,265.3076853593609,peak2z_length,Western Desert
awcave,66.47858548592654,265.3076853593609,peak2z_length,Western Desert
pet_mm_amj,36.87189608847184,265.3076853593609,peak2z_length,Western Desert
T_max_c_jas,46.905177067003784,265.3076853593609,peak2z_length,Western Desert
clayave,37.13459252540251,265.3076853593609,peak2z_length,Western Desert
lulc_wetland_prc,72.89081356924883,265.3076853593609,peak2z_length,Western Desert
lulc_forest_prc,104.6047490903091,265.3076853593609,peak2z_length,Western Desert
porosity,52.766950741364234,265.3076853593609,peak2z_length,Western Desert
lulc_grass_prc,77.17786488572877,265.3076853593609,peak2z_length,Western Desert
permave,56.924968356028536,265.3076853593609,peak2z_length,Western Desert
swe.p_amj.previous,11.013907186601077,265.3076853593609,peak2z_length,Western Desert
pet_mm_ond,31.007465145501936,265.3076853593609,peak2z_length,Western Desert
swe.p_jfm,19.74546997731684,265.3076853593609,peak2z_length,Western Desert
p.pet_jfm,5.820046938575866,265.3076853593609,peak2z_length,Western Desert
swe_mm_jfm.previous,26.746100093873647,265.3076853593609,peak2z_length,Western Desert
lulc_water_prc,22.68139808608841,265.3076853593609,peak2z_length,Western Desert
lulc_wetland_prc,119.41865108927392,313.41255392735985,peak2z_length,Eastern Forests
drain_sqkm,240.93317419707716,313.41255392735985,peak2z_length,Eastern Forests
siltave,86.79637314625322,313.41255392735985,peak2z_length,Eastern Forests
lulc_dev_prc,104.38201109794174,313.41255392735985,peak2z_length,Eastern Forests
pet_mm_amj,57.89840161301968,313.41255392735985,peak2z_length,Eastern Forests
depth_bedrock_m,180.7416298283822,313.41255392735985,peak2z_length,Eastern Forests
pet_mm_cy,54.63495872036515,313.41255392735985,peak2z_length,Eastern Forests
p.pet_jfm.previous,13.108767172035218,313.41255392735985,peak2z_length,Eastern Forests
wuse_mm,91.04669672323328,313.41255392735985,peak2z_length,Eastern Forests
p.pet_jfm,15.41946437171857,313.41255392735985,peak2z_length,Eastern Forests
p.pet_cy,21.799691296919512,313.41255392735985,peak2z_length,Eastern Forests
clayave,90.4112264466277,313.41255392735985,peak2z_length,Eastern Forests
T_max_c_cy,48.58159694198774,313.41255392735985,peak2z_length,Eastern Forests
majordams_n,64.25914011339103,313.41255392735985,peak2z_length,Eastern Forests
permave,58.56622181566252,313.41255392735985,peak2z_length,Eastern Forests
dams_n,113.6974598069995,313.41255392735985,peak2z_length,Eastern Forests
slope_pct,144.28832232031286,313.41255392735985,peak2z_length,Eastern Forests
topwet,60.02025580206996,313.41255392735985,peak2z_length,Eastern Forests
pet_mm_ond,30.79416763446998,313.41255392735985,peak2z_length,Eastern Forests
lulc_forest_prc,152.01110790654198,313.41255392735985,peak2z_length,Eastern Forests
T_max_c_jas,22.91759121586036,313.41255392735985,peak2z_length,Eastern Forests
pet_mm_ond.previous,24.12921436225573,313.41255392735985,peak2z_length,Eastern Forests
awcave,26.997270061839185,313.41255392735985,peak2z_length,Eastern Forests
lulc_ag_prc,55.01432333138831,313.41255392735985,peak2z_length,Eastern Forests
p.pet_ond,20.867127345733845,313.41255392735985,peak2z_length,Eastern Forests
pet_mm_jas.previous,20.454494993385545,313.41255392735985,peak2z_length,Eastern Forests
p_mm_jas.previous,26.530750834300477,313.41255392735985,peak2z_length,Eastern Forests
elev_mean_m_basin,101.72893499427724,324.1599713841199,peak2z_length,Western Mountains
lulc_grass_prc,78.78220016308744,324.1599713841199,peak2z_length,Western Mountains
p.pet_jas,65.62223108787248,324.1599713841199,peak2z_length,Western Mountains
p.pet_ond,52.62705942538856,324.1599713841199,peak2z_length,Western Mountains
depth_bedrock_m,69.1572590529486,324.1599713841199,peak2z_length,Western Mountains
slope_pct,61.15513463566633,324.1599713841199,peak2z_length,Western Mountains
p_mm_jas.previous,44.56731873165872,324.1599713841199,peak2z_length,Western Mountains
lulc_forest_prc,91.44672805712138,324.1599713841199,peak2z_length,Western Mountains
pet_mm_ond,31.61348074077224,324.1599713841199,peak2z_length,Western Mountains
swe.p_ond.previous,20.579357605324475,324.1599713841199,peak2z_length,Western Mountains
lulc_barren_prc,42.8380883998378,324.1599713841199,peak2z_length,Western Mountains
lulc_dev_prc,30.39527657873414,324.1599713841199,peak2z_length,Western Mountains
p_mm_ond,37.385920265793054,324.1599713841199,peak2z_length,Western Mountains
p_mm_ond.previous,20.125503968947815,324.1599713841199,peak2z_length,Western Mountains
p.pet_ond.previous,20.917350904335784,324.1599713841199,peak2z_length,Western Mountains
p_mm_jfm,13.251362229161249,324.1599713841199,peak2z_length,Western Mountains
pet_mm_ond.previous,46.941455653561945,324.1599713841199,peak2z_length,Western Mountains
p.pet_jfm.previous,11.248305706662183,324.1599713841199,peak2z_length,Western Mountains
lulc_ag_prc,20.26627250115508,324.1599713841199,peak2z_length,Western Mountains
drain_sqkm,69.43360225016097,324.1599713841199,peak2z_length,Western Mountains
swe.p_amj,8.119668656896236,324.1599713841199,peak2z_length,Western Mountains
pet_mm_amj.previous,30.952102981764313,324.1599713841199,peak2z_length,Western Mountains
clayave,35.25869046115986,324.1599713841199,peak2z_length,Western Mountains
permave,61.37477596640192,324.1599713841199,peak2z_length,Western Mountains
pet_mm_amj,21.89613916898586,324.1599713841199,peak2z_length,Western Mountains
swe.p_jfm.previous,18.73465850307542,324.1599713841199,peak2z_length,Western Mountains
p.pet_jfm,15.027654858066056,324.1599713841199,peak2z_length,Western Mountains
